class_id,tr,en,samples,top1_accuracy,top5_accuracy,most_confused_class_id,most_confused_tr,most_confused_en,confusion_count
0,abla,sister,20,0.8,1.0,16,ataturk,ataturk,2
1,acele,hurry,19,0.9473684210526315,1.0,40,cekic,hammer,1
2,acikmak,hungry,20,0.9,0.95,161,piknik,picnic,1
3,afiyet_olsun,enjoy_your_meal,19,1.0,1.0,,,,0
4,agabey,brother,20,0.85,1.0,20,baba,father,3
5,agac,tree,20,1.0,1.0,,,,0
6,agir,heavy,13,0.23076923076923078,0.9230769230769231,79,hafif,lightweight,8
7,aglamak,cry,20,0.9,1.0,154,para,money,1
8,aile,family,20,0.6,0.95,52,doktor,doctor,3
9,akilli,wise,19,0.8421052631578947,1.0,36,carsamba,wednesday,3
10,akilsiz,unwise,19,0.8421052631578947,1.0,154,para,money,3
11,akraba,kin,20,1.0,1.0,,,,0
12,alisveris,shopping,19,0.631578947368421,1.0,194,terazi,scales,4
13,anahtar,key,20,0.8,0.85,188,tarih,date,2
14,anne,mother,20,0.95,1.0,2,acikmak,hungry,1
15,arkadas,friend,20,1.0,1.0,,,,0
16,ataturk,ataturk,20,0.3,0.95,172,seker,sugar,9
17,ayakkabi,shoe,18,0.7222222222222222,0.8333333333333334,166,sabun,soap,4
18,ayna,mirror,17,0.7647058823529411,0.9411764705882353,173,selam,hi,2
19,ayni,same,19,1.0,1.0,,,,0
20,baba,father,19,1.0,1.0,,,,0
21,bahce,garden,19,1.0,1.0,,,,0
22,bakmak,look,20,0.95,1.0,178,ses,voice,1
23,bal,honey,20,0.7,0.9,112,kimlik,identity,4
24,bardak,glass,19,0.7368421052631579,0.8947368421052632,100,iyi,good,1
25,bayrak,flag,20,1.0,1.0,,,,0
26,bayram,feast,19,0.8947368421052632,1.0,43,corba,soup,2
27,bebek,baby,20,1.0,1.0,,,,0
28,bekar,single,20,1.0,1.0,,,,0
29,beklemek,wait,20,1.0,1.0,,,,0
30,ben,I,20,0.95,1.0,126,makas,scissors,1
31,benzin,petrol,20,1.0,1.0,,,,0
32,beraber,together,20,1.0,1.0,,,,0
33,bilgi_vermek,inform,20,0.9,1.0,173,selam,hi,2
34,biz,we,20,0.85,1.0,153,pantolon,trousers,3
35,calismak,work,20,0.9,1.0,12,alisveris,shopping,2
36,carsamba,wednesday,19,1.0,1.0,,,,0
37,catal,fork,20,0.6,0.85,197,tornavida,screwdriver,6
38,cay,tea,20,0.8,1.0,37,catal,fork,2
39,caydanlik,teapot,20,1.0,1.0,,,,0
40,cekic,hammer,20,0.9,1.0,157,pazar,sunday,2
41,cirkin,ugly,20,1.0,1.0,,,,0
42,cocuk,child,20,0.9,1.0,148,onlar,they,2
43,corba,soup,20,1.0,1.0,,,,0
44,cuma,friday,19,0.8947368421052632,1.0,26,bayram,feast,1
45,cumartesi,saturday,20,0.85,1.0,121,kopru,bridge,2
46,cuzdan,wallet,20,0.9,1.0,125,maas,salary,2
47,dakika,minute,20,0.45,1.0,52,doktor,doctor,9
48,dede,grandfather,20,0.95,1.0,78,gulmek,laugh,1
49,degistirmek,change,19,0.8947368421052632,1.0,169,sampiyon,champion,2
50,devirmek,topple,20,1.0,1.0,,,,0
51,devlet,government,18,0.8333333333333334,0.9444444444444444,8,aile,family,1
52,doktor,doctor,18,0.7222222222222222,1.0,224,zaman,time,4
53,dolu,full,20,0.85,1.0,48,dede,grandfather,1
54,dugun,wedding,20,0.9,1.0,169,sampiyon,champion,2
55,dun,yesterday,19,0.8947368421052632,1.0,71,gecmis,past,2
56,dusman,enemy,19,1.0,1.0,,,,0
57,duvar,wall,20,0.9,1.0,85,havlu,towel,1
58,eczane,pharmacy,16,0.875,1.0,21,bahce,garden,2
59,eldiven,glove,18,0.9444444444444444,1.0,224,zaman,time,1
60,emek,labor,20,0.8,0.95,187,tarak,comb,3
61,emekli,retired,19,0.8421052631578947,0.8947368421052632,48,dede,grandfather,2
62,erkek,male,19,0.631578947368421,0.7894736842105263,154,para,money,3
63,et,meal,19,1.0,1.0,,,,0
64,ev,house,20,0.8,0.85,54,dugun,wedding,2
65,evet,yes,20,0.6,0.95,93,hoscakal,goodbye,7
66,evli,married,20,1.0,1.0,,,,0
67,ezberlemek,memorize,20,0.85,1.0,9,akilli,wise,3
68,fil,elephant,18,0.7777777777777778,0.8888888888888888,50,devirmek,topple,2
69,fotograf,photograph,18,1.0,1.0,,,,0
70,futbol,football,20,1.0,1.0,,,,0
71,gecmis,past,20,1.0,1.0,,,,0
72,gecmis_olsun,get_well,19,1.0,1.0,,,,0
73,getirmek,bring,19,0.8947368421052632,1.0,55,dun,yesterday,1
74,gol,lake,20,1.0,1.0,,,,0
75,gomlek,shirt,20,0.85,0.95,171,savas,war,2
76,gormek,see,19,1.0,1.0,,,,0
77,gostermek,show,20,1.0,1.0,,,,0
78,gulmek,laugh,20,0.75,0.75,208,yanlis,wrong,3
79,hafif,lightweight,17,1.0,1.0,,,,0
80,hakli,right,20,0.95,1.0,19,ayni,same,1
81,hali,carpet,20,0.85,1.0,109,kemer,belt,3
82,hasta,ill,20,0.7,1.0,173,selam,hi,3
83,hastane,hospital,20,1.0,1.0,,,,0
84,hata,fault,20,0.9,1.0,208,yanlis,wrong,1
85,havlu,towel,20,1.0,1.0,,,,0
86,hayir,no,20,0.7,0.85,182,siz,you,2
87,hayirli_olsun,congratulations,17,1.0,1.0,,,,0
88,hayvan,animal,20,1.0,1.0,,,,0
89,hediye,gift,17,0.9411764705882353,1.0,43,corba,soup,1
90,helal,halal,20,0.85,0.85,56,dusman,enemy,3
91,hep,always,20,0.6,1.0,99,itmek,push,4
92,hic,never,20,1.0,1.0,,,,0
93,hoscakal,goodbye,20,0.9,0.95,173,selam,hi,2
94,icmek,drink,19,0.9473684210526315,1.0,110,keske,if_only,1
95,igne,needle,12,0.5833333333333334,1.0,134,mudur,manager,4
96,ilac,medicine,17,0.5882352941176471,0.7058823529411765,61,emekli,retired,2
97,ilgilenmemek,not_interested,20,0.5,0.9,161,piknik,picnic,3
98,isik,light,19,0.631578947368421,1.0,143,ogretmen,teacher,5
99,itmek,push,20,1.0,1.0,,,,0
100,iyi,good,20,0.7,1.0,24,bardak,glass,3
101,kacmak,escape,20,0.9,1.0,148,onlar,they,1
102,kahvalti,breakfast,19,1.0,1.0,,,,0
103,kalem,pencil,20,0.75,0.9,36,carsamba,wednesday,3
104,kalorifer,radiator,20,0.85,1.0,45,cumartesi,saturday,2
105,kapi,door,20,1.0,1.0,,,,0
106,kardes,sibling,20,1.0,1.0,,,,0
107,kavsak,crossroads,20,0.95,0.95,59,eldiven,glove,1
108,kaza,accident,20,0.95,1.0,171,savas,war,1
109,kemer,belt,20,1.0,1.0,,,,0
110,keske,if_only,20,0.9,1.0,173,selam,hi,2
111,kim,who,20,0.5,0.95,22,bakmak,look,3
112,kimlik,identity,20,1.0,1.0,,,,0
113,kira,rent,20,0.95,1.0,40,cekic,hammer,1
114,kitap,book,20,1.0,1.0,,,,0
115,kiyma,mince,17,1.0,1.0,,,,0
116,kiz,female,20,0.9,1.0,217,yemek,eat,1
117,koku,smell,19,0.9473684210526315,1.0,205,vergi,tax,1
118,kolonya,cologne,17,1.0,1.0,,,,0
119,komur,coal,20,1.0,1.0,,,,0
120,kopek,dog,20,0.95,1.0,59,eldiven,glove,1
121,kopru,bridge,20,0.9,0.95,64,ev,house,2
122,kotu,bad,20,0.65,0.85,154,para,money,2
123,kucak,lap,20,1.0,1.0,,,,0
124,leke,stain,20,0.95,1.0,83,hastane,hospital,1
125,maas,salary,20,0.9,1.0,23,bal,honey,1
126,makas,scissors,20,0.6,1.0,43,corba,soup,4
127,masa,tongs,20,0.65,1.0,132,merdiven,stairs,4
128,masallah,god_preserve,20,0.9,0.9,70,futbol,football,1
129,melek,angel,20,0.9,1.0,169,sampiyon,champion,2
130,memnun_olmak,be_pleased,20,1.0,1.0,,,,0
131,mendil,napkin,16,0.875,1.0,89,hediye,gift,2
132,merdiven,stairs,19,0.8947368421052632,1.0,221,yol,road,1
133,misafir,guest,20,1.0,1.0,,,,0
134,mudur,manager,20,0.9,0.95,139,nine,grandmother,1
135,musluk,tap,20,0.85,1.0,221,yol,road,1
136,nasil,how,20,0.9,0.95,24,bardak,glass,1
137,neden,why,20,0.75,0.85,199,turuncu,orange,2
138,nerede,where,20,0.85,0.9,35,calismak,work,1
139,nine,grandmother,20,1.0,1.0,,,,0
140,ocak,oven,20,0.7,1.0,194,terazi,scales,3
141,oda,room,20,1.0,1.0,,,,0
142,odun,wood,20,0.65,0.8,97,ilgilenmemek,not_interested,3
143,ogretmen,teacher,20,1.0,1.0,,,,0
144,okul,school,20,0.8,1.0,29,beklemek,wait,4
145,olimpiyat,olympiad,19,0.9473684210526315,0.9473684210526315,219,yildiz,star,1
146,olmaz,nope,20,0.85,0.95,102,kahvalti,breakfast,2
147,olur,allright,20,0.9,1.0,100,iyi,good,2
148,onlar,they,20,0.95,1.0,103,kalem,pencil,1
149,orman,forest,19,0.8421052631578947,1.0,140,ocak,oven,1
150,oruc,fasting,20,0.7,0.9,144,okul,school,2
151,ozur_dilemek,apologize,20,1.0,1.0,,,,0
152,pamuk,cotton,20,1.0,1.0,,,,0
153,pantolon,trousers,20,0.95,1.0,109,kemer,belt,1
154,para,money,20,0.75,0.95,22,bakmak,look,3
155,pastirma,pastrami,20,0.85,0.95,215,yatak,bed,1
156,patates,potato,19,0.8947368421052632,1.0,172,seker,sugar,2
157,pazar,sunday,20,1.0,1.0,,,,0
158,pazartesi,monday,17,0.7647058823529411,0.9411764705882353,200,tuvalet,toilet,3
159,pencere,window,20,1.0,1.0,,,,0
160,persembe,thursday,20,0.95,1.0,48,dede,grandfather,1
161,piknik,picnic,20,0.85,0.95,200,tuvalet,toilet,3
162,polis,police,20,0.75,0.95,157,pazar,sunday,2
163,psikoloji,psychology,20,0.95,1.0,9,akilli,wise,1
164,rica_etmek,request,19,1.0,1.0,,,,0
165,saat,hour,20,0.55,1.0,52,doktor,doctor,6
166,sabun,soap,20,0.8,1.0,17,ayakkabi,shoe,4
167,salca,sauce,20,1.0,1.0,,,,0
168,sali,tuesday,20,0.9,1.0,199,turuncu,orange,2
169,sampiyon,champion,20,0.85,1.0,219,yildiz,star,2
170,sapka,hat,19,1.0,1.0,,,,0
171,savas,war,20,0.95,1.0,157,pazar,sunday,1
172,seker,sugar,20,1.0,1.0,,,,0
173,selam,hi,20,0.85,1.0,82,hasta,ill,3
174,semsiye,umbrella,20,0.95,1.0,154,para,money,1
175,sen,you,18,0.8888888888888888,1.0,122,kotu,bad,1
176,senet,bill,20,0.95,1.0,114,kitap,book,1
177,serbest,free,20,1.0,1.0,,,,0
178,ses,voice,20,0.8,1.0,96,ilac,medicine,3
179,sevmek,love,20,1.0,1.0,,,,0
180,seytan,evil,20,1.0,1.0,,,,0
181,sinir,border,20,1.0,1.0,,,,0
182,siz,you,20,0.9,0.95,60,emek,labor,1
183,soylemek,say,20,0.8,1.0,22,bakmak,look,2
184,soz,promise,20,0.9,1.0,178,ses,voice,2
185,sut,milk,20,1.0,1.0,,,,0
186,tamam,okay,20,0.7,1.0,196,tesekkur,thanks,2
187,tarak,comb,19,0.8421052631578947,1.0,110,keske,if_only,2
188,tarih,date,20,0.85,1.0,125,maas,salary,2
189,tatil,holiday,20,1.0,1.0,,,,0
190,tatli,sweet,20,1.0,1.0,,,,0
191,tavan,ceiling,20,1.0,1.0,,,,0
192,tehlike,danger,20,0.95,1.0,162,polis,police,1
193,telefon,telephone,20,0.9,0.9,161,piknik,picnic,1
194,terazi,scales,20,1.0,1.0,,,,0
195,terzi,tailor,18,0.7222222222222222,1.0,81,hali,carpet,4
196,tesekkur,thanks,20,1.0,1.0,,,,0
197,tornavida,screwdriver,20,1.0,1.0,,,,0
198,turkiye,turkey,20,1.0,1.0,,,,0
199,turuncu,orange,20,1.0,1.0,,,,0
200,tuvalet,toilet,19,1.0,1.0,,,,0
201,un,flour,20,1.0,1.0,,,,0
202,uzak,far,20,0.95,1.0,138,nerede,where,1
203,uzgun,sad,20,0.95,1.0,78,gulmek,laugh,1
204,var,existing,20,1.0,1.0,,,,0
205,vergi,tax,20,0.9,1.0,23,bal,honey,1
206,yakin,near,18,0.5,0.9444444444444444,19,ayni,same,5
207,yalniz,alone,20,0.8,0.95,183,soylemek,say,2
208,yanlis,wrong,20,0.95,1.0,184,soz,promise,1
209,yapmak,do,20,0.95,1.0,70,futbol,football,1
210,yarabandi,band-aid,20,0.95,1.0,66,evli,married,1
211,yardim,help,20,0.8,1.0,181,sinir,border,1
212,yarin,tomorrow,17,0.8823529411764706,0.8823529411764706,148,onlar,they,2
213,yasak,forbidden,20,0.8,0.85,129,melek,angel,2
214,yastik,pillow,20,1.0,1.0,,,,0
215,yatak,bed,20,0.85,1.0,121,kopru,bridge,2
216,yavas,slow,20,0.9,1.0,209,yapmak,do,2
217,yemek,eat,20,0.9,0.9,43,corba,soup,1
218,yemek_pisirmek,cook,20,0.9,1.0,33,bilgi_vermek,inform,2
219,yildiz,star,20,0.95,1.0,169,sampiyon,champion,1
220,yok,absent,20,0.6,1.0,28,bekar,single,6
221,yol,road,20,0.55,0.75,130,memnun_olmak,be_pleased,5
222,yorgun,tired,19,0.9473684210526315,1.0,50,devirmek,topple,1
223,yumurta,egg,20,1.0,1.0,,,,0
224,zaman,time,20,0.9,1.0,216,yavas,slow,1
225,zor,difficult,20,0.8,1.0,154,para,money,3
